{"v":"5.7.4","fr":24,"ip":0,"op":32,"w":1080,"h":1080,"nm":"step2","ddd":0,"assets":[{"id":"comp_0","layers":[{"ddd":0,"ind":1,"ty":0,"nm":"fill","refId":"comp_1","sr":1,"ks":{"o":{"a":0,"k":100,"ix":11},"r":{"a":0,"k":0,"ix":10},"p":{"a":0,"k":[540,540,0],"ix":2,"l":2},"a":{"a":0,"k":[540,540,0],"ix":1,"l":2},"s":{"a":0,"k":[100,100,100],"ix":6,"l":2}},"ao":0,"w":1080,"h":1080,"ip":2,"op":34,"st":2,"bm":0},{"ddd":0,"ind":2,"ty":4,"nm":"droplet copy 2 Outlines","sr":1,"ks":{"o":{"a":0,"k":100,"ix":11},"r":{"a":1,"k":[{"i":{"x":[0.649],"y":[0.465]},"o":{"x":[0.311],"y":[0]},"t":8,"s":[0]},{"i":{"x":[0.737],"y":[1]},"o":{"x":[0.3],"y":[-0.544]},"t":12,"s":[-10.873]},{"t":15,"s":[-4]}],"ix":10},"p":{"a":1,"k":[{"i":{"x":0.833,"y":0.833},"o":{"x":0.167,"y":0.167},"t":0,"s":[522.89,151.266,0],"to":[0,0,0],"ti":[0,0,0]},{"i":{"x":0.594,"y":0.748},"o":{"x":0.163,"y":0},"t":6,"s":[522.89,151.266,0],"to":[-0.738,55.893,0],"ti":[1.832,-138.777,0]},{"i":{"x":0.594,"y":0.643},"o":{"x":0.167,"y":0.146},"t":15,"s":[534.357,734.622,0],"to":[-1.478,111.995,0],"ti":[0,0,0]},{"t":17,"s":[522.357,758.622,0]}],"ix":2,"l":2},"a":{"a":0,"k":[-70.284,-22.577,0],"ix":1,"l":2},"s":{"a":1,"k":[{"i":{"x":[0.833,0.833,0.833],"y":[1,1,1]},"o":{"x":[0.167,0.167,0.167],"y":[0,0,0]},"t":0,"s":[0,0,100]},{"i":{"x":[0.717,0.717,0.717],"y":[0.866,0.866,1]},"o":{"x":[0.158,0.158,0.158],"y":[0,0,0]},"t":6,"s":[100,100,100]},{"i":{"x":[0.833,0.833,0.833],"y":[1,1,1]},"o":{"x":[0.167,0.167,0.167],"y":[1.375,-0.01,0]},"t":15,"s":[178.475,178.475,100]},{"t":17,"s":[178.475,45.475,100]}],"ix":6,"l":2}},"ao":0,"shapes":[{"ty":"gr","it":[{"ind":0,"ty":"sh","ix":1,"ks":{"a":0,"k":{"i":[[5.091,0.972],[1.186,-0.518],[2.119,-3.649],[-32.041,-13.475],[-4.414,19.117],[7.377,17.586]],"o":[[-1.188,-0.227],[-2.921,1.278],[-13.078,22.519],[11.811,4.967],[4.414,-19.118],[-3.286,-7.835]],"v":[[8.933,-53.946],[5.363,-53.543],[-2.009,-45.049],[-0.426,49.205],[28.053,22.525],[22.241,-37.962]],"c":true},"ix":2},"nm":"Path 1","mn":"ADBE Vector Shape - Group","hd":false},{"ty":"fl","c":{"a":0,"k":[0.407843137255,0.929411764706,0.992156862745,1],"ix":4},"o":{"a":0,"k":100,"ix":5},"r":1,"bm":0,"nm":"Fill 1","mn":"ADBE Vector Graphic - Fill","hd":false},{"ty":"tr","p":{"a":0,"k":[-75.284,-21.577],"ix":2},"a":{"a":0,"k":[0,0],"ix":1},"s":{"a":0,"k":[100,100],"ix":3},"r":{"a":0,"k":0,"ix":6},"o":{"a":0,"k":100,"ix":7},"sk":{"a":0,"k":0,"ix":4},"sa":{"a":0,"k":0,"ix":5},"nm":"Transform"}],"nm":"Group 1","np":4,"cix":2,"bm":0,"ix":1,"mn":"ADBE Vector Group","hd":false}],"ip":0,"op":32,"st":0,"bm":0},{"ddd":0,"ind":3,"ty":4,"nm":"droplet copy Outlines","sr":1,"ks":{"o":{"a":0,"k":100,"ix":11},"r":{"a":1,"k":[{"i":{"x":[0.667],"y":[1]},"o":{"x":[0.333],"y":[0]},"t":0,"s":[0]},{"i":{"x":[0.664],"y":[1.609]},"o":{"x":[0.296],"y":[0]},"t":5,"s":[0]},{"i":{"x":[0.812],"y":[1]},"o":{"x":[0.427],"y":[0.142]},"t":9,"s":[23.316]},{"t":13,"s":[-104]}],"ix":10},"p":{"a":1,"k":[{"i":{"x":0.667,"y":0.667},"o":{"x":0.333,"y":0.333},"t":0,"s":[616.823,260.508,0],"to":[0,0,0],"ti":[0,0,0]},{"i":{"x":0.667,"y":0.767},"o":{"x":0.333,"y":0},"t":5,"s":[616.823,260.508,0],"to":[-2.725,83.924,0],"ti":[5.165,-159.068,0]},{"i":{"x":0.667,"y":1},"o":{"x":0.333,"y":0.299},"t":10,"s":[591.527,621.233,0],"to":[-1.153,35.525,0],"ti":[0.609,-18.743,0]},{"i":{"x":0.667,"y":1},"o":{"x":0.167,"y":0},"t":13,"s":[593.823,790.008,0],"to":[-3.333,102.667,0],"ti":[0,0,0]},{"t":14,"s":[597.823,774.008,0]}],"ix":2,"l":2},"a":{"a":0,"k":[13.867,15.504,0],"ix":1,"l":2},"s":{"a":1,"k":[{"i":{"x":[0.667,0.667,0.667],"y":[1,1,1]},"o":{"x":[0.333,0.333,0.333],"y":[0,0,0]},"t":0,"s":[0,0,100]},{"i":{"x":[0.833,0.833,0.833],"y":[1,1,1]},"o":{"x":[0.333,0.333,0.333],"y":[0,0,0]},"t":5,"s":[128,128,100]},{"t":13,"s":[397,397,100]}],"ix":6,"l":2}},"ao":0,"shapes":[{"ty":"gr","it":[{"ind":0,"ty":"sh","ix":1,"ks":{"a":0,"k":{"i":[[2.381,-0.54],[0.502,-0.321],[0.707,-1.287],[-15.497,1.473],[-0.668,5.7],[4.581,3.456]],"o":[[-0.555,0.126],[-1.238,0.791],[-4.365,7.945],[5.712,-0.544],[0.667,-5.699],[-2.041,-1.54]],"v":[[-1.084,-14.714],[-2.677,-14.051],[-5.432,-10.673],[1.88,13.78],[12.95,2.34],[6.078,-12.603]],"c":true},"ix":2},"nm":"Path 1","mn":"ADBE Vector Shape - Group","hd":false},{"ty":"fl","c":{"a":0,"k":[0.407843137255,0.929411764706,0.992156862745,1],"ix":4},"o":{"a":0,"k":100,"ix":5},"r":1,"bm":0,"nm":"Fill 1","mn":"ADBE Vector Graphic - Fill","hd":false},{"ty":"tr","p":{"a":0,"k":[13.866,15.504],"ix":2},"a":{"a":0,"k":[0,0],"ix":1},"s":{"a":0,"k":[100,100],"ix":3},"r":{"a":0,"k":0,"ix":6},"o":{"a":0,"k":100,"ix":7},"sk":{"a":0,"k":0,"ix":4},"sa":{"a":0,"k":0,"ix":5},"nm":"Transform"}],"nm":"Group 1","np":4,"cix":2,"bm":0,"ix":1,"mn":"ADBE Vector Group","hd":false}],"ip":0,"op":44,"st":0,"bm":0},{"ddd":0,"ind":4,"ty":4,"nm":"droplet Outlines","sr":1,"ks":{"o":{"a":0,"k":100,"ix":11},"r":{"a":0,"k":-12,"ix":10},"p":{"a":0,"k":[460.011,777.775,0],"ix":2,"l":2},"a":{"a":0,"k":[14.123,20.342,0],"ix":1,"l":2},"s":{"a":0,"k":[231,231,100],"ix":6,"l":2}},"ao":0,"shapes":[{"ty":"gr","it":[{"ind":0,"ty":"sh","ix":1,"ks":{"a":0,"k":{"i":[[-2.581,-1.025],[-2.083,-6.347],[16.21,-3.361],[2.804,5.603],[-5.707,6.249]],"o":[[4.5,1.787],[1.995,6.08],[-6.862,1.423],[-3.684,-7.363],[4.139,-4.531]],"v":[[6.172,-28.96],[16.086,0.162],[19.73,24.425],[-10.189,13.026],[-5.615,-26.16]],"c":true},"ix":2},"nm":"Path 1","mn":"ADBE Vector Shape - Group","hd":false},{"ty":"fl","c":{"a":0,"k":[0.407843137255,0.929411764706,0.992156862745,1],"ix":4},"o":{"a":0,"k":100,"ix":5},"r":1,"bm":0,"nm":"Fill 1","mn":"ADBE Vector Graphic - Fill","hd":false},{"ty":"tr","p":{"a":0,"k":[14.123,20.342],"ix":2},"a":{"a":0,"k":[0,0],"ix":1},"s":{"a":0,"k":[100,100],"ix":3},"r":{"a":0,"k":0,"ix":6},"o":{"a":0,"k":100,"ix":7},"sk":{"a":0,"k":0,"ix":4},"sa":{"a":0,"k":0,"ix":5},"nm":"Transform"}],"nm":"Group 1","np":4,"cix":2,"bm":0,"ix":1,"mn":"ADBE Vector Group","hd":false}],"ip":12,"op":44,"st":12,"bm":0},{"ddd":0,"ind":5,"ty":4,"nm":"droplet Outlines 2","sr":1,"ks":{"o":{"a":0,"k":100,"ix":11},"r":{"a":1,"k":[{"i":{"x":[0.833],"y":[1]},"o":{"x":[0.333],"y":[0]},"t":0,"s":[0]},{"i":{"x":[0.564],"y":[0.807]},"o":{"x":[0.206],"y":[0]},"t":11,"s":[-12]},{"i":{"x":[0.825],"y":[1]},"o":{"x":[0.294],"y":[0.275]},"t":12,"s":[-72.605]},{"t":14,"s":[-130]}],"ix":10},"p":{"a":1,"k":[{"i":{"x":0.667,"y":0.667},"o":{"x":0.333,"y":0.333},"t":0,"s":[436.011,253.775,0],"to":[0,0,0],"ti":[0,0,0]},{"i":{"x":0.667,"y":1},"o":{"x":0.333,"y":0},"t":4,"s":[436.011,253.775,0],"to":[5.167,87.333,0],"ti":[25.442,-45.65,0]},{"i":{"x":0.667,"y":0.821},"o":{"x":0.333,"y":0},"t":10,"s":[467.011,777.775,0],"to":[-25.442,45.65,0],"ti":[-9.728,0.476,0]},{"i":{"x":0.667,"y":1},"o":{"x":0.283,"y":1},"t":13,"s":[625.638,811.489,0],"to":[7.274,-0.356,0],"ti":[-4.124,0.099,0]},{"t":14,"s":[629.011,805.775,0]}],"ix":2,"l":2},"a":{"a":0,"k":[14.123,20.342,0],"ix":1,"l":2},"s":{"a":1,"k":[{"i":{"x":[0.649,0.649,0.649],"y":[0.779,0.779,-3.728]},"o":{"x":[0.311,0.311,0.311],"y":[0,0,0]},"t":0,"s":[0,0,100]},{"i":{"x":[0.831,0.831,0.831],"y":[1,1,1]},"o":{"x":[0.381,0.381,0.381],"y":[0.266,0.266,20.542]},"t":2,"s":[50,50,100]},{"i":{"x":[0.833,0.833,0.833],"y":[1,1,1]},"o":{"x":[0.167,0.167,0.167],"y":[0,0,0]},"t":10,"s":[231,231,100]},{"t":12,"s":[98,98,100]}],"ix":6,"l":2}},"ao":0,"shapes":[{"ty":"gr","it":[{"ind":0,"ty":"sh","ix":1,"ks":{"a":0,"k":{"i":[[-2.581,-1.025],[-2.083,-6.347],[4.57,-3.895],[2.804,5.603],[-5.707,6.249]],"o":[[4.5,1.787],[1.995,6.08],[-5.728,4.88],[-3.684,-7.363],[4.139,-4.531]],"v":[[2.742,-19.067],[11.879,-2.945],[5.535,15.212],[-10.189,13.026],[-7.198,-14.547]],"c":true},"ix":2},"nm":"Path 1","mn":"ADBE Vector Shape - Group","hd":false},{"ty":"fl","c":{"a":0,"k":[0.407843137255,0.929411764706,0.992156862745,1],"ix":4},"o":{"a":0,"k":100,"ix":5},"r":1,"bm":0,"nm":"Fill 1","mn":"ADBE Vector Graphic - Fill","hd":false},{"ty":"tr","p":{"a":0,"k":[14.123,20.342],"ix":2},"a":{"a":0,"k":[0,0],"ix":1},"s":{"a":0,"k":[100,100],"ix":3},"r":{"a":0,"k":0,"ix":6},"o":{"a":0,"k":100,"ix":7},"sk":{"a":0,"k":0,"ix":4},"sa":{"a":0,"k":0,"ix":5},"nm":"Transform"}],"nm":"Group 1","np":4,"cix":2,"bm":0,"ix":1,"mn":"ADBE Vector Group","hd":false}],"ip":0,"op":44,"st":0,"bm":0}]},{"id":"comp_1","layers":[{"ddd":0,"ind":1,"ty":4,"nm":"mask Outlines","td":1,"sr":1,"ks":{"o":{"a":0,"k":100,"ix":11},"r":{"a":0,"k":0,"ix":10},"p":{"a":0,"k":[542.633,630.82,0],"ix":2,"l":2},"a":{"a":0,"k":[148.595,195.564,0],"ix":1,"l":2},"s":{"a":0,"k":[100,100,100],"ix":6,"l":2}},"ao":0,"shapes":[{"ty":"gr","it":[{"ind":0,"ty":"sh","ix":1,"ks":{"a":0,"k":{"i":[[0,0],[0,0],[0,0],[1.73,-14.575],[0,-1.163],[0,0],[0,0],[-1.595,-5.721],[-27.498,2.108],[0,0],[0,0],[0,0],[-3.137,11.252],[-0.681,6.182],[0,0],[0,0],[0.142,1.135],[15.03,0],[0,0],[0,0]],"o":[[0,0],[0,0],[-15.029,0],[-0.142,1.135],[0,0],[0,0],[0.68,6.182],[3.137,11.252],[0,0],[0,0],[0,0],[27.498,2.108],[1.594,-5.721],[0,0],[0,0],[0,-1.163],[-1.73,-14.575],[0,0],[0,0],[0,0]],"v":[[0.255,-193.495],[-124.1,-193.826],[-133.316,-193.826],[-145.976,-180.74],[-146.203,-177.279],[-138.393,-147.202],[-108.702,148.502],[-104.809,169.805],[-58.321,193.206],[0,193.413],[-0.001,193.413],[58.321,193.206],[104.809,169.805],[108.702,148.502],[138.393,-147.202],[146.202,-177.279],[145.975,-180.74],[133.315,-193.826],[124.099,-193.826],[-0.255,-193.495]],"c":false},"ix":2},"nm":"Path 1","mn":"ADBE Vector Shape - Group","hd":false},{"ty":"fl","c":{"a":0,"k":[0.121568634931,0.917647118662,0.196078446332,1],"ix":4},"o":{"a":0,"k":100,"ix":5},"r":1,"bm":0,"nm":"Fill 1","mn":"ADBE Vector Graphic - Fill","hd":false},{"ty":"tr","p":{"a":0,"k":[148.595,195.565],"ix":2},"a":{"a":0,"k":[0,0],"ix":1},"s":{"a":0,"k":[100,100],"ix":3},"r":{"a":0,"k":0,"ix":6},"o":{"a":0,"k":100,"ix":7},"sk":{"a":0,"k":0,"ix":4},"sa":{"a":0,"k":0,"ix":5},"nm":"Transform"}],"nm":"Group 1","np":4,"cix":2,"bm":0,"ix":1,"mn":"ADBE Vector Group","hd":false}],"ip":0,"op":32,"st":0,"bm":0},{"ddd":0,"ind":2,"ty":4,"nm":"fill","tt":1,"sr":1,"ks":{"o":{"a":0,"k":100,"ix":11},"r":{"a":1,"k":[{"i":{"x":[0.833],"y":[1]},"o":{"x":[0.167],"y":[0]},"t":12,"s":[-6]},{"i":{"x":[0.566],"y":[0.796]},"o":{"x":[0.179],"y":[0]},"t":16,"s":[10]},{"i":{"x":[0.84],"y":[1]},"o":{"x":[0.388],"y":[-2.112]},"t":21,"s":[-1.374]},{"t":28,"s":[0]}],"ix":10},"p":{"a":1,"k":[{"i":{"x":0.703,"y":1},"o":{"x":0.197,"y":0},"t":12,"s":[532,1084,0],"to":[0.577,-74.378,0],"ti":[-0.757,97.622,0]},{"t":24,"s":[524,648,0]}],"ix":2,"l":2},"a":{"a":0,"k":[0,0,0],"ix":1,"l":2},"s":{"a":0,"k":[100,80.137,100],"ix":6,"l":2}},"ao":0,"shapes":[{"ty":"gr","it":[{"ty":"rc","d":1,"s":{"a":0,"k":[848,600],"ix":2},"p":{"a":0,"k":[0,0],"ix":3},"r":{"a":0,"k":0,"ix":4},"nm":"Rectangle Path 1","mn":"ADBE Vector Shape - Rect","hd":false},{"ty":"fl","c":{"a":0,"k":[0.408535138298,0.930361519608,0.992156862745,1],"ix":4},"o":{"a":0,"k":100,"ix":5},"r":1,"bm":0,"nm":"Fill 1","mn":"ADBE Vector Graphic - Fill","hd":false},{"ty":"tr","p":{"a":0,"k":[12,8],"ix":2},"a":{"a":0,"k":[0,0],"ix":1},"s":{"a":0,"k":[100,100],"ix":3},"r":{"a":0,"k":0,"ix":6},"o":{"a":0,"k":100,"ix":7},"sk":{"a":0,"k":0,"ix":4},"sa":{"a":0,"k":0,"ix":5},"nm":"Transform"}],"nm":"Rectangle 1","np":3,"cix":2,"bm":0,"ix":1,"mn":"ADBE Vector Group","hd":false}],"ip":0,"op":32,"st":0,"bm":0}]}],"layers":[{"ddd":0,"ind":1,"ty":4,"nm":"mask Outlines 2","td":1,"sr":1,"ks":{"o":{"a":0,"k":100,"ix":11},"r":{"a":0,"k":0,"ix":10},"p":{"a":0,"k":[542.633,630.82,0],"ix":2,"l":2},"a":{"a":0,"k":[148.595,195.564,0],"ix":1,"l":2},"s":{"a":0,"k":[100,100,100],"ix":6,"l":2}},"ao":0,"shapes":[{"ty":"gr","it":[{"ind":0,"ty":"sh","ix":1,"ks":{"a":0,"k":{"i":[[0,0],[0,0],[0,0],[1.73,-14.575],[0,-1.163],[0,0],[0,0],[-1.595,-5.721],[-27.498,2.108],[0,0],[0,0],[0,0],[-3.137,11.252],[-0.681,6.182],[0,0],[0,0],[0.142,1.135],[15.03,0],[0,0],[0,0]],"o":[[0,0],[0,0],[-15.029,0],[-0.142,1.135],[0,0],[0,0],[0.68,6.182],[3.137,11.252],[0,0],[0,0],[0,0],[27.498,2.108],[1.594,-5.721],[0,0],[0,0],[0,-1.163],[-1.73,-14.575],[0,0],[0,0],[0,0]],"v":[[0.193,-597.495],[-124.162,-597.826],[-133.378,-597.826],[-145.976,-180.74],[-146.203,-177.279],[-138.393,-147.203],[-108.702,148.503],[-104.809,169.805],[-58.321,193.206],[0,193.414],[-0.001,193.414],[58.321,193.206],[104.809,169.805],[108.702,148.503],[138.393,-147.203],[146.202,-177.279],[145.975,-180.74],[133.253,-597.826],[124.037,-597.826],[-0.317,-597.495]],"c":false},"ix":2},"nm":"Path 1","mn":"ADBE Vector Shape - Group","hd":false},{"ty":"fl","c":{"a":0,"k":[0.121568634931,0.917647118662,0.196078446332,1],"ix":4},"o":{"a":0,"k":100,"ix":5},"r":1,"bm":0,"nm":"Fill 1","mn":"ADBE Vector Graphic - Fill","hd":false},{"ty":"tr","p":{"a":0,"k":[148.595,195.565],"ix":2},"a":{"a":0,"k":[0,0],"ix":1},"s":{"a":0,"k":[100,100],"ix":3},"r":{"a":0,"k":0,"ix":6},"o":{"a":0,"k":100,"ix":7},"sk":{"a":0,"k":0,"ix":4},"sa":{"a":0,"k":0,"ix":5},"nm":"Transform"}],"nm":"Group 1","np":4,"cix":2,"bm":0,"ix":1,"mn":"ADBE Vector Group","hd":false}],"ip":0,"op":32,"st":0,"bm":0},{"ddd":0,"ind":2,"ty":0,"nm":"water","tt":1,"refId":"comp_0","sr":1,"ks":{"o":{"a":0,"k":60,"ix":11},"r":{"a":0,"k":0,"ix":10},"p":{"a":0,"k":[540,540,0],"ix":2,"l":2},"a":{"a":0,"k":[540,540,0],"ix":1,"l":2},"s":{"a":0,"k":[100,100,100],"ix":6,"l":2}},"ao":0,"w":1080,"h":1080,"ip":0,"op":44,"st":0,"bm":0},{"ddd":0,"ind":5,"ty":4,"nm":"mask Outlines","td":1,"sr":1,"ks":{"o":{"a":0,"k":100,"ix":11},"r":{"a":0,"k":0,"ix":10},"p":{"a":0,"k":[542.633,630.82,0],"ix":2,"l":2},"a":{"a":0,"k":[148.595,195.564,0],"ix":1,"l":2},"s":{"a":0,"k":[100,100,100],"ix":6,"l":2}},"ao":0,"shapes":[{"ty":"gr","it":[{"ind":0,"ty":"sh","ix":1,"ks":{"a":0,"k":{"i":[[0,0],[0,0],[0,0],[1.73,-14.575],[0,-1.163],[0,0],[0,0],[-1.595,-5.721],[-27.498,2.108],[0,0],[0,0],[0,0],[-3.137,11.252],[-0.681,6.182],[0,0],[0,0],[0.142,1.135],[15.03,0],[0,0],[0,0]],"o":[[0,0],[0,0],[-15.029,0],[-0.142,1.135],[0,0],[0,0],[0.68,6.182],[3.137,11.252],[0,0],[0,0],[0,0],[27.498,2.108],[1.594,-5.721],[0,0],[0,0],[0,-1.163],[-1.73,-14.575],[0,0],[0,0],[0,0]],"v":[[0.255,-193.495],[-124.1,-193.826],[-133.316,-193.826],[-145.976,-180.74],[-146.203,-177.279],[-138.393,-147.202],[-108.702,148.502],[-104.809,169.805],[-58.321,193.206],[0,193.413],[-0.001,193.413],[58.321,193.206],[104.809,169.805],[108.702,148.502],[138.393,-147.202],[146.202,-177.279],[145.975,-180.74],[133.315,-193.826],[124.099,-193.826],[-0.255,-193.495]],"c":false},"ix":2},"nm":"Path 1","mn":"ADBE Vector Shape - Group","hd":false},{"ty":"fl","c":{"a":0,"k":[0.121568634931,0.917647118662,0.196078446332,1],"ix":4},"o":{"a":0,"k":100,"ix":5},"r":1,"bm":0,"nm":"Fill 1","mn":"ADBE Vector Graphic - Fill","hd":false},{"ty":"tr","p":{"a":0,"k":[148.595,195.565],"ix":2},"a":{"a":0,"k":[0,0],"ix":1},"s":{"a":0,"k":[100,100],"ix":3},"r":{"a":0,"k":0,"ix":6},"o":{"a":0,"k":100,"ix":7},"sk":{"a":0,"k":0,"ix":4},"sa":{"a":0,"k":0,"ix":5},"nm":"Transform"}],"nm":"Group 1","np":4,"cix":2,"bm":0,"ix":1,"mn":"ADBE Vector Group","hd":false}],"ip":0,"op":44,"st":0,"bm":0},{"ddd":0,"ind":6,"ty":4,"nm":"powder Outlines","tt":1,"sr":1,"ks":{"o":{"a":0,"k":100,"ix":11},"r":{"a":0,"k":0,"ix":10},"p":{"a":0,"k":[547.058,789.195,0],"ix":2,"l":2},"a":{"a":0,"k":[93.871,39.708,0],"ix":1,"l":2},"s":{"a":0,"k":[100,100,100],"ix":6,"l":2}},"ao":0,"shapes":[{"ty":"gr","it":[{"ind":0,"ty":"sh","ix":1,"ks":{"a":0,"k":{"i":[[-0.138,2.266],[-0.789,1.289],[-3.407,3.311],[-7.973,5.626],[-9.75,6.523],[-12.98,0.417],[-5.729,-2.923],[-7.406,-10.012],[-6.966,-5.069],[-2.742,-10.214],[2.557,-0.767],[3.179,-0.143],[6.384,-0.302],[31.634,3.979]],"o":[[0.261,-4.286],[2.363,-3.861],[6.756,-6.566],[9.538,-6.729],[6.057,-4.053],[11.811,-0.381],[11.393,5.812],[5.16,6.976],[7.87,5.727],[0.728,2.712],[-3.071,0.921],[-6.385,0.287],[-14.455,0.684],[-1.629,-0.205]],"v":[[-93.483,31.271],[-90.014,19.517],[-80.893,8.914],[-58.381,-9.173],[-28.957,-28.555],[-0.624,-39.077],[25.938,-32.063],[51.487,-7.583],[70.449,9.962],[92.446,31.013],[91.065,34.047],[80.941,34.864],[61.772,35.366],[-91.527,35.479]],"c":true},"ix":2},"nm":"Path 1","mn":"ADBE Vector Shape - Group","hd":false},{"ty":"fl","c":{"a":0,"k":[0.023529413635,0.831372608858,0.992156922583,1],"ix":4},"o":{"a":0,"k":100,"ix":5},"r":1,"bm":0,"nm":"Fill 1","mn":"ADBE Vector Graphic - Fill","hd":false},{"ty":"tr","p":{"a":0,"k":[93.871,39.708],"ix":2},"a":{"a":0,"k":[0,0],"ix":1},"s":{"a":0,"k":[100,100],"ix":3},"r":{"a":0,"k":0,"ix":6},"o":{"a":0,"k":100,"ix":7},"sk":{"a":0,"k":0,"ix":4},"sa":{"a":0,"k":0,"ix":5},"nm":"Transform"}],"nm":"Group 1","np":4,"cix":2,"bm":0,"ix":1,"mn":"ADBE Vector Group","hd":false}],"ip":0,"op":44,"st":0,"bm":0},{"ddd":0,"ind":7,"ty":4,"nm":"inside Outlines","sr":1,"ks":{"o":{"a":0,"k":100,"ix":11},"r":{"a":0,"k":0,"ix":10},"p":{"a":0,"k":[542.633,630.82,0],"ix":2,"l":2},"a":{"a":0,"k":[148.595,195.564,0],"ix":1,"l":2},"s":{"a":0,"k":[100,100,100],"ix":6,"l":2}},"ao":0,"shapes":[{"ty":"gr","it":[{"ind":0,"ty":"sh","ix":1,"ks":{"a":0,"k":{"i":[[0,0],[0,0],[0,0],[1.73,-14.575],[0,-1.163],[0,0],[0,0],[-1.595,-5.721],[-27.498,2.108],[0,0],[0,0],[0,0],[-3.137,11.252],[-0.681,6.182],[0,0],[0,0],[0.142,1.135],[15.03,0],[0,0],[0,0]],"o":[[0,0],[0,0],[-15.029,0],[-0.142,1.135],[0,0],[0,0],[0.68,6.182],[3.137,11.252],[0,0],[0,0],[0,0],[27.498,2.108],[1.594,-5.721],[0,0],[0,0],[0,-1.163],[-1.73,-14.575],[0,0],[0,0],[0,0]],"v":[[0.255,-193.495],[-124.1,-193.826],[-133.316,-193.826],[-145.976,-180.74],[-146.203,-177.279],[-138.393,-147.202],[-108.702,148.502],[-104.809,169.805],[-58.321,193.206],[0,193.413],[-0.001,193.413],[58.321,193.206],[104.809,169.805],[108.702,148.502],[138.393,-147.202],[146.202,-177.279],[145.975,-180.74],[133.315,-193.826],[124.099,-193.826],[-0.255,-193.495]],"c":false},"ix":2},"nm":"Path 1","mn":"ADBE Vector Shape - Group","hd":false},{"ty":"fl","c":{"a":0,"k":[0.84313731474,0.968627510819,1,1],"ix":4},"o":{"a":0,"k":100,"ix":5},"r":1,"bm":0,"nm":"Fill 1","mn":"ADBE Vector Graphic - Fill","hd":false},{"ty":"tr","p":{"a":0,"k":[148.595,195.565],"ix":2},"a":{"a":0,"k":[0,0],"ix":1},"s":{"a":0,"k":[100,100],"ix":3},"r":{"a":0,"k":0,"ix":6},"o":{"a":0,"k":100,"ix":7},"sk":{"a":0,"k":0,"ix":4},"sa":{"a":0,"k":0,"ix":5},"nm":"Transform"}],"nm":"Group 1","np":4,"cix":2,"bm":0,"ix":1,"mn":"ADBE Vector Group","hd":false}],"ip":0,"op":44,"st":0,"bm":0},{"ddd":0,"ind":8,"ty":4,"nm":"glass Outlines","sr":1,"ks":{"o":{"a":0,"k":100,"ix":11},"r":{"a":0,"k":0,"ix":10},"p":{"a":0,"k":[542.888,633.559,0],"ix":2,"l":2},"a":{"a":0,"k":[162.889,201.286,0],"ix":1,"l":2},"s":{"a":0,"k":[100,100,100],"ix":6,"l":2}},"ao":0,"shapes":[{"ty":"gr","it":[{"ind":0,"ty":"sh","ix":1,"ks":{"a":0,"k":{"i":[[0,0],[0,0],[0,0],[-1.73,-14.576],[0,-1.162],[0,0],[0,0],[2.836,-5.217],[17.526,-0.029],[0,0],[0,0],[7.968,14.576],[0.681,6.182],[0,0],[0,0],[-0.142,1.134],[-15.029,0],[0,0]],"o":[[0,0],[0,0],[15.029,0],[0.142,1.134],[0,0],[0,0],[-0.681,6.182],[-7.968,14.576],[0,0],[0,0],[-17.525,-0.029],[-2.836,-5.217],[0,0],[0,0],[0,-1.162],[1.73,-14.576],[0,0],[0,0]],"v":[[0,-200.666],[138.393,-201.036],[147.61,-201.036],[160.156,-183.499],[160.383,-180.04],[152.687,-150.373],[118.232,159.237],[112.844,176.421],[71.895,200.781],[0,201.036],[-71.896,200.781],[-112.844,176.421],[-118.232,159.237],[-152.687,-150.373],[-160.383,-180.04],[-160.156,-183.499],[-147.61,-201.036],[-138.393,-201.036]],"c":true},"ix":2},"nm":"Path 1","mn":"ADBE Vector Shape - Group","hd":false},{"ty":"fl","c":{"a":0,"k":[0.792156922583,0.952941236309,1,1],"ix":4},"o":{"a":0,"k":100,"ix":5},"r":1,"bm":0,"nm":"Fill 1","mn":"ADBE Vector Graphic - Fill","hd":false},{"ty":"tr","p":{"a":0,"k":[162.889,201.286],"ix":2},"a":{"a":0,"k":[0,0],"ix":1},"s":{"a":0,"k":[100,100],"ix":3},"r":{"a":0,"k":0,"ix":6},"o":{"a":0,"k":100,"ix":7},"sk":{"a":0,"k":0,"ix":4},"sa":{"a":0,"k":0,"ix":5},"nm":"Transform"}],"nm":"Group 1","np":4,"cix":2,"bm":0,"ix":1,"mn":"ADBE Vector Group","hd":false}],"ip":0,"op":44,"st":0,"bm":0}],"markers":[]}